,f1,accuracy,roc_auc,criterion,splitter,max_depth,min_samples_split,min_samples_leaf,max_features,class_weight,min_impurity_decrease
0,0.9833287024173382,0.9833333333333333,0.9833333333333334,gini,best,,2,1,,,0.0
1,0.9493191183352928,0.9493243243243243,0.9681336742147553,log_loss,best,,10,2,,,0.1
2,0.8545953047352487,0.8547297297297297,0.9143535427319212,log_loss,best,40,2,4,sqrt,,0.0
3,0.9729618634391413,0.972972972972973,0.9817613221329438,gini,best,10,10,4,,,0.01
4,0.7391951116247668,0.7398648648648649,0.8161751278305333,gini,random,40,5,1,,balanced,0.05
5,0.9831032868673723,0.9831081081081081,0.9831081081081081,entropy,best,10,5,1,,balanced,0.0
