,f1,accuracy,roc_auc,criterion,splitter,max_depth,min_samples_split,min_samples_leaf,max_features,class_weight,min_impurity_decrease
0,0.9166435120866907,0.9166666666666666,0.9166666666666666,gini,best,,2,1,,,0.0
1,0.9152610303800657,0.9155405405405406,0.9381848064280497,log_loss,best,,10,2,,,0.1
2,0.8647660818713451,0.8648648648648649,0.8885135135135135,log_loss,best,40,2,4,sqrt,,0.0
3,0.9493237459339154,0.9493243243243243,0.9741599707815924,gini,best,10,10,4,,,0.01
4,0.7507368421052631,0.7567567567567568,0.8256254565376187,gini,random,40,5,1,,balanced,0.05
5,0.9831063727784308,0.9831081081081081,0.9831081081081081,entropy,best,10,5,1,,balanced,0.0
