,f1,accuracy,roc_auc,n_estimators,criterion,max_depth,min_samples_split,min_samples_leaf,min_weight_fraction_leaf,max_features,bootstrap
0,1.0,1.0,1.0,100,gini,,2,1,0.0,sqrt,True
1,0.972971739031183,0.972972972972973,0.9961194302410519,50,gini,20,2,1,0.01,log2,True
2,0.9797213975793558,0.9797297297297297,0.9985619065010956,50,log_loss,30,2,1,0.0,,True
3,0.9560565053045098,0.956081081081081,0.9802775748721695,50,log_loss,10,10,4,0.1,,False
4,0.9527027027027027,0.9527027027027027,0.9931975894813734,200,gini,10,10,2,0.05,sqrt,True
5,0.9763489218898034,0.9763513513513513,0.9986303871439007,100,entropy,,2,2,0.0,sqrt,False
