,f1,accuracy,roc_auc,n_estimators,criterion,max_depth,min_samples_split,min_samples_leaf,min_weight_fraction_leaf,max_features,bootstrap
0,0.9833287024173382,0.9833333333333333,1.0,100,gini,,2,1,0.0,sqrt,True
1,0.9729532163742689,0.972972972972973,0.9993608473338202,50,gini,20,2,1,0.01,log2,True
2,0.9797213975793558,0.9797297297297297,0.9983336376917458,50,log_loss,30,2,1,0.0,,True
3,0.97633811824089,0.9763513513513513,0.9831081081081081,50,log_loss,10,10,4,0.1,,False
4,0.9459459459459459,0.9459459459459459,0.993699780861943,200,gini,10,10,2,0.05,sqrt,True
5,0.9864840182648401,0.9864864864864865,0.9994978086194303,100,entropy,,2,2,0.0,sqrt,False
6,0.8681213228994117,0.8682432432432432,0.950260226442659,200,gini,30,10,1,0.1,,False
7,0.9797213975793558,0.9797297297297297,0.9991325785244703,200,log_loss,10,10,1,0.0,log2,True
