,f1,accuracy,roc_auc,eval_metric,n_estimators,max_depth,learning_rate,subsample,colsample_bytree,min_child_weight,gamma,reg_alpha,reg_lambda
0,0.9332591768631813,0.9333333333333333,0.9966666666666667,logloss,100,6,0.3,1.0,1.0,1,0.0,0.0,1.0
1,0.939164192738068,0.9391891891891891,0.9816015339663988,logloss,500,15,0.1,0.5,0.9,5,0.0,0.0,5.0
2,0.9628374136848713,0.9628378378378378,0.9963020452885317,logloss,50,10,0.01,0.9,0.5,1,0.1,0.1,1.5
3,0.9898638236670584,0.9898648648648649,0.9998630387143901,logloss,500,3,0.2,0.7,0.5,1,0.1,0.1,2.0
4,0.9459237268782825,0.9459459459459459,0.9864864864864865,logloss,200,3,0.2,0.5,0.5,5,0.2,1.0,2.0
5,0.9797213975793558,0.9797297297297297,0.9989956172388604,logloss,500,10,0.05,0.9,0.7,1,0.1,1.0,5.0
6,0.976344601614321,0.9763513513513513,0.9984477720964207,logloss,100,15,0.2,1.0,0.7,7,0.0,1.0,1.0
7,0.9797213975793558,0.9797297297297297,0.9995891161431703,logloss,200,10,0.1,0.7,0.7,1,0.2,0.0,5.0
